<?xml version="1.0"?>
<!--
/**
 * Disclaimer
 * All trademarks, service marks and trade names referenced in this material
 * are the property of their respective owners This software is not intended
 * to be a complete solution of all applicable rules, policies and procedures.
 * The matters referenced are subject to change from time to time, and
 * individual circumstances may vary. Global Collect Services B.V. shall not
 * be responsible for any inaccurate or incomplete coding.
 *
 * Global Collect Services B.V. has given extensive attention to the quality
 * of the software but makes no warranties or representations about the accuracy
 * or completeness of it. Neither Global Collect Services B.V. nor any of its
 * affiliates shall be liable for any costs, losses and/or damages arising out
 * of access to or use of this software. Because of the complexity of the process
 * and the right of Banks to alter conditions, this software can only serve
 * as a quick-start in development is subject to further modifications.
 *
 * The Magento extension was developed as a generic solution.
 * In the event that the cartridge is modified by a user in any way,
 * Global Collect Services B.V. shall not be responsible for any damages that
 * are caused by the modified extension. Global Collect Services B.V. makes
 * no warranties or representations about the use or operation of the extension.
 * Neither Global Collect Services B.V. nor any of its affiliates shall be
 * liable for any costs, losses and/or damages arising out of access to
 * or use of the extension.
 *
 * Suggestions
 * Suggestions regarding the extension are welcome and may be forwarded to
 * global.partnerships@globalcollect.com
 *
 * @package     Smile_Globalcollect
 * @copyright   Copyright © 2012 Global Collect Services B.V.
 */
-->
<config>
   <sections>
        <payment>
            <groups>
                <globalcollect translate="label" module="globalcollect">
                    <label>Global Collect</label>
                    <frontend_type>text</frontend_type>
                    <sort_order>10</sort_order>
                    <show_in_default>1</show_in_default>
                    <show_in_website>1</show_in_website>
                    <show_in_store>1</show_in_store>
                    <fields>
                        <active translate="label">
                            <label>Enabled</label>
                            <frontend_type>select</frontend_type>
                            <source_model>adminhtml/system_config_source_yesno</source_model>
                            <sort_order>1</sort_order>
                            <show_in_default>1</show_in_default>
                            <show_in_website>1</show_in_website>
                            <show_in_store>0</show_in_store>
                        </active>
                        <merchant_id translate="label">
                            <label>Merchant ID</label>
                            <frontend_type>text</frontend_type>
                            <frontend_class>merchant_id</frontend_class>
                            <sort_order>2</sort_order>
                            <show_in_default>1</show_in_default>
                            <show_in_website>1</show_in_website>
                            <show_in_store>0</show_in_store>
                        </merchant_id>
                        <gateway_url translate="label comment">
                            <label>Gateway url</label>
                            <frontend_type>text</frontend_type>
                            <frontend_class>gateway_url</frontend_class>
                            <frontend_model>globalcollect/adminhtml_system_config_account_test</frontend_model>
                            <comment>Don't forget to change url from testing to production!</comment>
                            <sort_order>3</sort_order>
                            <show_in_default>1</show_in_default>
                            <show_in_website>1</show_in_website>
                            <show_in_store>0</show_in_store>
                        </gateway_url>
                        <sftp_password translate="label">
                            <label>SFTP Password</label>
                            <frontend_type>obscure</frontend_type>
                            <backend_model>adminhtml/system_config_backend_encrypted</backend_model>
                            <sort_order>4</sort_order>
                            <show_in_default>1</show_in_default>
                            <show_in_website>1</show_in_website>
                            <show_in_store>0</show_in_store>
                        </sftp_password>
                        <sftp_login translate="label">
                            <label>SFTP Login</label>
                            <frontend_type>text</frontend_type>
                            <sort_order>4</sort_order>
                            <show_in_default>1</show_in_default>
                            <show_in_website>1</show_in_website>
                            <show_in_store>0</show_in_store>
                        </sftp_login>
                        <enabled_products translate="label">
                            <label>Payment Methods</label>
                            <frontend_type>multiselect</frontend_type>
                            <frontend_model>globalcollect/adminhtml_system_config_methods</frontend_model>
                            <source_model>globalcollect/source_methods</source_model>
                            <backend_model>globalcollect/source_methods</backend_model>
                            <comment>Save settings before getting methods! After adding website with different currency update methods by clicking Button below. Make sure you have selected allowed countries, getting methods for all countries can take long time</comment>
                            <sort_order>6</sort_order>
                            <show_in_default>1</show_in_default>
                            <show_in_website>1</show_in_website>
                            <show_in_store>0</show_in_store>
                        </enabled_products>
                        <pci_compliant translate="label">
                            <label>PCI Compliant</label>
                            <frontend_type>select</frontend_type>
                            <comment>A form for Credit Card details will be shown at checkout.</comment>
                            <source_model>adminhtml/system_config_source_yesno</source_model>
                            <backend_model>globalcollect/source_pcicompliant</backend_model>
                            <sort_order>7</sort_order>
                            <show_in_default>1</show_in_default>
                            <show_in_website>1</show_in_website>
                            <show_in_store>0</show_in_store>
                        </pci_compliant>
                        <is_3dsecure translate="label">
                            <label>Enable 3D Secure</label>
                            <frontend_type>select</frontend_type>
                            <source_model>adminhtml/system_config_source_yesno</source_model>
                            <sort_order>7</sort_order>
                            <show_in_default>1</show_in_default>
                            <show_in_website>1</show_in_website>
                            <show_in_store>0</show_in_store>
                        </is_3dsecure>
                        <title translate="label">
                            <label>Hosted Method Title</label>
                            <frontend_type>text</frontend_type>
                            <sort_order>4</sort_order>
                            <show_in_default>1</show_in_default>
                            <show_in_website>1</show_in_website>
                            <show_in_store>1</show_in_store>
                        </title>
                        <cc_title translate="label">
                            <label>Credit Card Method Title</label>
                            <frontend_type>text</frontend_type>
                            <backend_model>globalcollect/source_cctitle</backend_model>
                            <sort_order>4</sort_order>
                            <show_in_default>1</show_in_default>
                            <show_in_website>1</show_in_website>
                            <show_in_store>1</show_in_store>
                        </cc_title>
                        <order_status translate="label">
                            <label>New order status</label>
                            <frontend_type>select</frontend_type>
                            <source_model>globalcollect/source_orderstatus_pending</source_model>
                            <sort_order>5</sort_order>
                            <show_in_default>1</show_in_default>
                            <show_in_website>1</show_in_website>
                            <show_in_store>0</show_in_store>
                        </order_status>
                        <fraud_order_status translate="label">
                            <label>Fraud order status</label>
                            <frontend_type>select</frontend_type>
                            <source_model>globalcollect/source_orderstatus_fraud</source_model>
                            <sort_order>5</sort_order>
                            <show_in_default>1</show_in_default>
                            <show_in_website>1</show_in_website>
                            <show_in_store>0</show_in_store>
                        </fraud_order_status>
                        <authentication_mode translate="label">
                            <label>Credit Card Authentication</label>
                            <frontend_type>select</frontend_type>
                            <source_model>globalcollect/source_payment_action</source_model>
                            <sort_order>9</sort_order>
                            <show_in_default>1</show_in_default>
                            <show_in_website>1</show_in_website>
                            <show_in_store>0</show_in_store>
                        </authentication_mode>
                        <save_cards translate="label">
                            <label>Save customer Credit Cards</label>
                            <frontend_type>select</frontend_type>
                            <source_model>adminhtml/system_config_source_yesno</source_model>
                            <sort_order>10</sort_order>
                            <show_in_default>1</show_in_default>
                            <show_in_website>1</show_in_website>
                            <show_in_store>0</show_in_store>
                        </save_cards>
                        <use_cvv translate="label">
                            <label>Use CVV validation for Online Credit Card payments</label>
                            <frontend_type>select</frontend_type>
                            <source_model>adminhtml/system_config_source_yesno</source_model>
                            <sort_order>8</sort_order>
                            <show_in_default>1</show_in_default>
                            <show_in_website>1</show_in_website>
                            <show_in_store>0</show_in_store>
                        </use_cvv>
                        <use_avs translate="label">
                            <label>Use AVS check for Online Credit Card payments</label>
                            <frontend_type>select</frontend_type>
                            <source_model>adminhtml/system_config_source_yesno</source_model>
                            <sort_order>8</sort_order>
                            <show_in_default>1</show_in_default>
                            <show_in_website>1</show_in_website>
                            <show_in_store>0</show_in_store>
                        </use_avs>
                        <allowspecific translate="label">
                            <label>Payment from applicable countries</label>
                            <frontend_type>allowspecific</frontend_type>
                            <sort_order>50</sort_order>
                            <source_model>adminhtml/system_config_source_payment_allspecificcountries</source_model>
                            <show_in_default>1</show_in_default>
                            <show_in_website>1</show_in_website>
                            <show_in_store>0</show_in_store>
                        </allowspecific>
                        <specificcountry translate="label">
                            <label>Payment from Specific countries</label>
                            <frontend_type>multiselect</frontend_type>
                            <sort_order>51</sort_order>
                            <source_model>adminhtml/system_config_source_country</source_model>
                            <show_in_default>1</show_in_default>
                            <show_in_website>1</show_in_website>
                            <show_in_store>0</show_in_store>
                        </specificcountry>
                        <directdebit_text translate="label">
                            <label>Direct Debit Text</label>
                            <frontend_type>textarea</frontend_type>
                            <sort_order>52</sort_order>
                            <show_in_default>1</show_in_default>
                            <show_in_website>1</show_in_website>
                            <show_in_store>1</show_in_store>
                        </directdebit_text>
                        <directdebit_easy_country translate="label">
                            <label>Direct Debit Request mandate Easy Countries AT/DE/ES/NL</label>
                            <frontend_type>select</frontend_type>
                            <source_model>adminhtml/system_config_source_yesno</source_model>
                            <sort_order>53</sort_order>
                            <show_in_default>1</show_in_default>
                            <show_in_website>1</show_in_website>
                            <show_in_store>1</show_in_store>
                        </directdebit_easy_country>
                        <refund_products translate="label">
                            <label>Refundable Payment Methods</label>
                            <frontend_type>multiselect</frontend_type>
                            <source_model>globalcollect/source_methods</source_model>
                            <backend_model>globalcollect/source_methods</backend_model>
                            <sort_order>54</sort_order>
                            <show_in_default>1</show_in_default>
                            <show_in_website>1</show_in_website>
                            <show_in_store>0</show_in_store>
                        </refund_products>
                        <order_expire translate="label comment">
                            <label>Expiration period for real time bank transfers</label>
                            <frontend_type>text</frontend_type>
                            <comment>hours</comment>
                            <sort_order>55</sort_order>
                            <show_in_default>1</show_in_default>
                            <show_in_website>1</show_in_website>
                            <show_in_store>0</show_in_store>
                        </order_expire>
                        <order_expire_fraud translate="label comment">
                            <label>Expiration period for fraud challanged orders</label>
                            <frontend_type>text</frontend_type>
                            <comment>hours</comment>
                            <sort_order>56</sort_order>
                            <show_in_default>1</show_in_default>
                            <show_in_website>1</show_in_website>
                            <show_in_store>0</show_in_store>
                        </order_expire_fraud>
                        <order_expire_all translate="label comment">
                            <label>Expiration period for orders pending due to slow 3rd party responses</label>
                            <frontend_type>text</frontend_type>
                            <comment>hours</comment>
                            <sort_order>57</sort_order>
                            <show_in_default>1</show_in_default>
                            <show_in_website>1</show_in_website>
                            <show_in_store>0</show_in_store>
                        </order_expire_all>
                        <pending_email_message_send translate="label">
                            <label>Send Email on Pending order</label>
                            <frontend_type>select</frontend_type>
                            <source_model>adminhtml/system_config_source_yesno</source_model>
                            <sort_order>60</sort_order>
                            <show_in_default>1</show_in_default>
                            <show_in_website>1</show_in_website>
                            <show_in_store>0</show_in_store>
                        </pending_email_message_send>
                        <pending_email_message translate="label">
                            <label>Pending order customer notification</label>
                            <frontend_type>textarea</frontend_type>
                            <sort_order>61</sort_order>
                            <show_in_default>1</show_in_default>
                            <show_in_website>1</show_in_website>
                            <show_in_store>1</show_in_store>
                        </pending_email_message>
                        <fraud_email_message_send translate="label">
                            <label>Send Email when order canceled by fraud screening service</label>
                            <frontend_type>select</frontend_type>
                            <source_model>adminhtml/system_config_source_yesno</source_model>
                            <sort_order>62</sort_order>
                            <show_in_default>1</show_in_default>
                            <show_in_website>1</show_in_website>
                            <show_in_store>0</show_in_store>
                        </fraud_email_message_send>
                        <fraud_email_message translate="label">
                            <label>Fraud Cancel order customer notification</label>
                            <frontend_type>textarea</frontend_type>
                            <sort_order>63</sort_order>
                            <show_in_default>1</show_in_default>
                            <show_in_website>1</show_in_website>
                            <show_in_store>1</show_in_store>
                        </fraud_email_message>
                        <cancel_email_message_send translate="label">
                            <label>Send Email when order pending period expired</label>
                            <frontend_type>select</frontend_type>
                            <source_model>adminhtml/system_config_source_yesno</source_model>
                            <sort_order>64</sort_order>
                            <show_in_default>1</show_in_default>
                            <show_in_website>1</show_in_website>
                            <show_in_store>0</show_in_store>
                        </cancel_email_message_send>
                        <cancel_email_message translate="label">
                            <label>Order Expired customer notification</label>
                            <frontend_type>textarea</frontend_type>
                            <sort_order>65</sort_order>
                            <show_in_default>1</show_in_default>
                            <show_in_website>1</show_in_website>
                            <show_in_store>1</show_in_store>
                        </cancel_email_message>
                        <debug translate="label">
                            <label>Debug (log xml queries)</label>
                            <frontend_type>select</frontend_type>
                            <source_model>adminhtml/system_config_source_yesno</source_model>
                            <sort_order>80</sort_order>
                            <show_in_default>1</show_in_default>
                            <show_in_website>1</show_in_website>
                            <show_in_store>0</show_in_store>
                        </debug>
                        <test_mode translate="label">
                            <label>Test Mode</label>
                            <frontend_type>select</frontend_type>
                            <source_model>adminhtml/system_config_source_yesno</source_model>
                            <comment>If 'Yes' daily report checking will used GlobalCollect test files</comment>
                            <sort_order>80</sort_order>
                            <show_in_default>1</show_in_default>
                            <show_in_website>1</show_in_website>
                            <show_in_store>0</show_in_store>
                        </test_mode>
                    </fields>
                </globalcollect>

            </groups>
        </payment>
    </sections>
</config>
