<?xml version="1.0"?>
<config>
  <acl>
    <resources>
      <all>
        <title>Allow Everything</title>
      </all>
      <admin>
        <children>
          <system>
            <children>
              <config>
                <children>
                  <Kancart translate="title">
                    <title>Extension Options</title>
                    <sort_order>100</sort_order>
                  </Kancart>
                </children>
              </config>
            </children>
          </system>
        </children>
      </admin>
    </resources>
  </acl>
</config>
