<?xml version="1.0" encoding="UTF-8"?>
<config>
    <tabs>
        <Kancart translate="label" module="mobileapi">
            <label>Kancart Open API Service</label>
            <sort_order>100</sort_order>
        </Kancart>
    </tabs>
    <sections>
        <Kancart translate="label" module="mobileapi">
            <label>General</label>
            <tab>Kancart</tab>
            <sort_order>100</sort_order>
            <show_in_default>1</show_in_default>
            <show_in_website>1</show_in_website>
            <show_in_store>1</show_in_store>
            <groups>
                <Kancart_group translate="label">
                    <label>Authorization</label>
                    <frontend_type>text</frontend_type>
                    <sort_order>10</sort_order>
                    <show_in_default>1</show_in_default>
                    <show_in_website>1</show_in_website>
                    <show_in_store>1</show_in_store>
                    <comment><![CDATA[<a href="http://www.kancart.com" target="_blank">Sign up for an Kancart account to get your key and secret</a>]]>
                    </comment>
                    <fields>
                        <Kancart_appkey translate="label">
                            <label>Kancart APP Key</label>
                            <comment>This is the Key Kancart.com assigned to you to identify yourself.</comment>
                            <frontend_type>text</frontend_type>
                            <sort_order>19</sort_order>
                            <show_in_default>1</show_in_default>
                            <show_in_website>1</show_in_website>
                            <show_in_store>1</show_in_store>
                        </Kancart_appkey>
                        <Kancart_appsecret translate="label">
                            <label>Kancart APP Secret</label>
                            <comment>This is the Secret Kancart.com assigned to you to protect your data.</comment>
                            <frontend_type>text</frontend_type>
                            <sort_order>20</sort_order>
                            <show_in_default>1</show_in_default>
                            <show_in_website>1</show_in_website>
                            <show_in_store>1</show_in_store>
                        </Kancart_appsecret>                     
                    </fields>
                </Kancart_group>   
                <general translate="label">
                    <label>Frontend</label>
                    <frontend_type>text</frontend_type>
                    <sort_order>50</sort_order>
                    <show_in_default>1</show_in_default>
                    <show_in_website>1</show_in_website>
                    <show_in_store>1</show_in_store>
                    <fields>
                        <price_tax translate="label">
                            <label>Price Include Tax</label>
                            <comment>Choose Yes if all price listed on mobile client should include tax.</comment>
                            <frontend_type>select</frontend_type>
                            <source_model>adminhtml/system_config_source_yesno</source_model>
                            <sort_order>5</sort_order>
                            <show_in_default>1</show_in_default>
                            <show_in_website>1</show_in_website>
                            <show_in_store>1</show_in_store>
                        </price_tax>
                        <thumbnail_image translate="label">
                            <label>Thumbnail Image Size</label>
                            <comment>Set the product list thumbnail image size, example 320 x 320 or 320.</comment>
                            <frontend_type>text</frontend_type>
                            <sort_order>12</sort_order>
                            <show_in_default>1</show_in_default>
                            <show_in_website>1</show_in_website>
                            <show_in_store>1</show_in_store>
                        </thumbnail_image>
                        <main_image translate="label">
                            <label>Main Image Size</label>
                            <comment>Set the Main image size, example 640 x 640 or 640.</comment>
                            <frontend_type>text</frontend_type>
                            <sort_order>14</sort_order>
                            <show_in_default>1</show_in_default>
                            <show_in_website>1</show_in_website>
                            <show_in_store>1</show_in_store>
                        </main_image>
						<image_frame translate="label">
                            <label>Image Keep Frame</label>
                            <comment>Choose Yes to keep the original product image proportions, otherwise stretch the image.</comment>
                            <frontend_type>select</frontend_type>
                            <source_model>adminhtml/system_config_source_yesno</source_model>
                            <sort_order>15</sort_order>
                            <show_in_default>1</show_in_default>
                            <show_in_website>1</show_in_website>
                            <show_in_store>1</show_in_store>
                        </image_frame>
                        <allowspecific translate="label">
                            <label>Display Store Views</label>
                            <comment>Choose store views displayed on mobile site.</comment>
                            <frontend_type>select</frontend_type>
                            <source_model>mobileapi/system_config_source_allspecificstore</source_model>
                            <sort_order>20</sort_order>
                            <show_in_default>1</show_in_default>
                            <show_in_website>1</show_in_website>
                        </allowspecific>
                        <stores translate="label">
                            <label>Available Store Views</label>
                            <frontend_type>multiselect</frontend_type>
                            <source_model>mobileapi/system_config_source_store</source_model>
                            <sort_order>25</sort_order>
                            <show_in_default>1</show_in_default>
                            <show_in_website>1</show_in_website>
                            <depends>
                                <allowspecific>1</allowspecific>
                            </depends>
                        </stores>
                        <paypal_standard translate="label">
                            <label>Force PayPal Payments Standard Enabled For Mobile</label>
                            <comment>If you just want the mobile site to use paypal standard you can enable this.</comment>
                            <frontend_type>select</frontend_type>
                            <source_model>adminhtml/system_config_source_yesno</source_model>
                            <sort_order>35</sort_order>
                            <show_in_default>1</show_in_default>
                            <show_in_website>1</show_in_website>
                            <show_in_store>1</show_in_store>
                        </paypal_standard>
                        <paypal_express translate="label">
                            <label>Force PayPal Express Checkout Enabled For Mobile</label>
                            <comment>If you just want the mobile site to use paypal express checkout you can enable this.</comment>
                            <frontend_type>select</frontend_type>
                            <source_model>adminhtml/system_config_source_yesno</source_model>
                            <sort_order>40</sort_order>
                            <show_in_default>1</show_in_default>
                            <show_in_website>1</show_in_website>
                            <show_in_store>1</show_in_store>
                        </paypal_express>
                    </fields>
                </general>     
                <redirect translate="label">
                    <label>Redirect Options</label>
                    <frontend_type>text</frontend_type>
                    <comment>Here you can configure your web site mobile redirect options.</comment>
                    <sort_order>80</sort_order>
                    <show_in_default>1</show_in_default>
                    <show_in_website>1</show_in_website>
                    <fields>
                        <active translate="label">
                            <label>Enabled</label>
                            <frontend_type>select</frontend_type>
                            <source_model>adminhtml/system_config_source_yesno</source_model>
                            <sort_order>10</sort_order>
                            <show_in_default>1</show_in_default>
                            <show_in_website>1</show_in_website>
                        </active>
                        <url translate="label">
                            <label>Mobile Url</label>
                            <comment>Please configure your mobile site url that registered in Kancart.</comment>
                            <frontend_type>text</frontend_type>
                            <sort_order>20</sort_order>
                            <show_in_default>1</show_in_default>
                            <show_in_website>1</show_in_website>
                        </url>
                    </fields>
                </redirect>                                             
            </groups>
        </Kancart>
    </sections>
</config>
